{
  "profiles" : {
    "969e249247c9a93ac62944000a39f907" : {
      "created" : "1970-01-02T00:00:00.000Z",
      "icon" : "Grass",
      "lastUsed" : "1970-01-02T00:00:00.000Z",
      "lastVersionId" : "latest-release",
      "name" : "",
      "type" : "latest-release"
    },
    "ab1656e50d175ca78a7d16c004ec93f2" : {
      "created" : "1970-01-01T00:00:00.000Z",
      "icon" : "Dirt",
      "lastUsed" : "1970-01-01T00:00:00.000Z",
      "lastVersionId" : "latest-snapshot",
      "name" : "",
      "type" : "latest-snapshot"
    }
  },
  "settings" : {
    "crashAssistance" : true,
    "enableAdvanced" : false,
    "enableAnalytics" : true,
    "enableHistorical" : false,
    "enableReleases" : true,
    "enableSnapshots" : false,
    "keepLauncherOpen" : false,
    "profileSorting" : "ByLastPlayed",
    "showGameLog" : false,
    "showMenu" : false,
    "soundOn" : false
  },
  "version" : 3
}
